material_code,description,cpse,category,source_reference
IOCL-PIP-001,CS PIPE 10 INCH SCH40,IOCL,Pipes & Tubes,SAP-PO-4501
NTPC-PIP-001,CARBON STEEL PIPE 10 IN SCHEDULE 40,NTPC,Pipes & Tubes,ERP-PR-8821
BHEL-PIP-001,CS SEAMLESS PIPE 10 IN SCH 40,BHEL,Pipes & Tubes,MM-IND-3321
GAIL-PIP-001,CS SMLS PIPE 254 MM SCH 40,GAIL,Pipes & Tubes,GAIL-LINE-102
IOCL-VLV-001,SS304 VALVE 4 INCH 150#,IOCL,Valves,SAP-PO-4502
NTPC-VLV-001,SS316 VALVE 4 INCH 150#,NTPC,Valves,ERP-PR-8822
BHEL-VLV-001,STAINLESS STEEL 304 BALL VALVE 4 IN 150 LBS,BHEL,Valves,MM-IND-3322
GAIL-VLV-001,SS316 BALL VALVE 4 INCH CLASS 150,GAIL,Valves,GAIL-LINE-103
IOCL-BLT-001,SS BOLT,IOCL,Fasteners,SAP-PO-4503
NTPC-BLT-001,STAINLESS STEEL HEX BOLT,NTPC,Fasteners,ERP-PR-8823
BHEL-BLT-001,SS HEX BOLT M16 X 50 SS304 ASTM A193,BHEL,Fasteners,MM-IND-3323
GAIL-BLT-001,STAINLESS STEEL HEXAGONAL BOLT M16*50 GRADE 304,GAIL,Fasteners,GAIL-LINE-104
IOCL-PIP-002,CS PIPE 6 INCH SCH 80 ASTM A106,IOCL,Pipes & Tubes,SAP-PO-4504
NTPC-PIP-002,CARBON STEEL SEAMLESS PIPE 6 IN SCHEDULE 80 ASTM A106,NTPC,Pipes & Tubes,ERP-PR-8824
BHEL-PIP-002,CS SMLS PIPE 150 MM SCH80 A106,BHEL,Pipes & Tubes,MM-IND-3324
GAIL-PIP-002,CARBON STEEL PIPE 6 INCH SCH 40 ASTM A106,GAIL,Pipes & Tubes,GAIL-LINE-105
IOCL-PIP-003,CS PIPE 2 INCH SCH 40 ASTM A53,IOCL,Pipes & Tubes,SAP-PO-4505
NTPC-PIP-003,CARBON STEEL PIPE 2 IN SCHEDULE 40 ASTM A53,NTPC,Pipes & Tubes,ERP-PR-8825
BHEL-PIP-003,CS ERW PIPE 2 INCH SCH40 ASTM A53,BHEL,Pipes & Tubes,MM-IND-3325
GAIL-PIP-003,CS PIPE 50 MM SCH 40 ASTM A53,GAIL,Pipes & Tubes,GAIL-LINE-106
IOCL-PIP-004,SS304 PIPE 2 INCH SCH 10S,IOCL,Pipes & Tubes,SAP-PO-4506
NTPC-PIP-004,STAINLESS STEEL PIPE 2 INCH SCH 10S SS304,NTPC,Pipes & Tubes,ERP-PR-8826
BHEL-PIP-004,SS316 PIPE 2 INCH SCH 10S,BHEL,Pipes & Tubes,MM-IND-3326
GAIL-PIP-004,SS PIPE 50 MM SCH 10S GRADE 304,GAIL,Pipes & Tubes,GAIL-LINE-107
IOCL-VLV-002,CS GATE VALVE 6 INCH 300# WCB,IOCL,Valves,SAP-PO-4507
NTPC-VLV-002,CARBON STEEL GATE VALVE 6 IN CLASS 300 WCB,NTPC,Valves,ERP-PR-8827
BHEL-VLV-002,CS GATE VALVE 150 MM 300 LBS WCB,BHEL,Valves,MM-IND-3327
GAIL-VLV-002,CS GATE VALVE 6 INCH 150# WCB,GAIL,Valves,GAIL-LINE-108
IOCL-VLV-003,BALL VALVE 2 INCH 150# CS A105,IOCL,Valves,SAP-PO-4508
NTPC-VLV-003,CARBON STEEL BALL VALVE 2 INCH 150 LBS A105,NTPC,Valves,ERP-PR-8828
BHEL-VLV-003,CS BALL VLV 50 MM 150# FORGED A105,BHEL,Valves,MM-IND-3328
GAIL-VLV-003,BALL VALVE 2 INCH 300# CS A105,GAIL,Valves,GAIL-LINE-109
IOCL-VLV-004,GLOBE VALVE 3 INCH 150# CF8M,IOCL,Valves,SAP-PO-4509
NTPC-VLV-004,SS316 GLOBE VALVE 3 IN 150 LBS CF8M,NTPC,Valves,ERP-PR-8829
BHEL-VLV-004,SS GLOBE VALVE 80 MM CLASS 150 CF8M,BHEL,Valves,MM-IND-3329
GAIL-VLV-004,SS304 GLOBE VALVE 3 INCH 150# CF8,GAIL,Valves,GAIL-LINE-110
IOCL-VLV-005,CHECK VALVE 4 INCH 150# WCB BS 1868,IOCL,Valves,SAP-PO-4510
NTPC-VLV-005,CS SWING CHECK VALVE 4 IN 150 LBS WCB,NTPC,Valves,ERP-PR-8830
BHEL-VLV-005,CARBON STEEL NON RETURN VALVE 100 MM 150# WCB,BHEL,Valves,MM-IND-3330
GAIL-VLV-005,CHECK VALVE 4 INCH 300# WCB,GAIL,Valves,GAIL-LINE-111
IOCL-BLT-002,STUD BOLT 3/4 INCH X 100 MM ASTM A193 B7 WITH 2 NUTS,IOCL,Fasteners,SAP-PO-4511
NTPC-BLT-002,STUD BOLT 3/4 IN X 100 MM A193 B7 WITH 2 A194 2H NUTS,NTPC,Fasteners,ERP-PR-8831
BHEL-BLT-002,ALLOY STEEL STUD BOLT 3/4 INCH X 100 MM B7/2H,BHEL,Fasteners,MM-IND-3331
GAIL-BLT-002,STUD BOLT 3/4 INCH X 100 MM ASTM A193 B8 WITH NUTS,GAIL,Fasteners,GAIL-LINE-112
IOCL-BLT-003,HEX BOLT M20 X 75 GR 8.8 GALVANIZED,IOCL,Fasteners,SAP-PO-4512
NTPC-BLT-003,MS HEXAGONAL BOLT M20X75 GRADE 8.8 GALV,NTPC,Fasteners,ERP-PR-8832
BHEL-BLT-003,M20 X 75 MM HEX BOLT 8.8 GI,BHEL,Fasteners,MM-IND-3332
GAIL-BLT-003,HEX BOLT M20 X 100 GR 8.8 GALVANIZED,GAIL,Fasteners,GAIL-LINE-113
IOCL-BLT-004,SS316 HEX BOLT M12 X 40 DIN 933,IOCL,Fasteners,SAP-PO-4513
NTPC-BLT-004,STAINLESS STEEL HEX BOLT M12X40 SS316,NTPC,Fasteners,ERP-PR-8833
BHEL-BLT-004,SS HEX BOLT M12 * 40 MM SS316 DIN 933,BHEL,Fasteners,MM-IND-3333
GAIL-BLT-004,SS304 HEX BOLT M12 X 40 DIN 933,GAIL,Fasteners,GAIL-LINE-114
IOCL-FLG-001,WNRF FLANGE 6 INCH 150# CS ASTM A105,IOCL,Flanges,SAP-PO-4514
NTPC-FLG-001,WELD NECK RAISED FACE FLANGE 6 IN 150 LBS A105,NTPC,Flanges,ERP-PR-8834
BHEL-FLG-001,CS WNRF FLG 150 MM CLASS 150 A105,BHEL,Flanges,MM-IND-3334
GAIL-FLG-001,WNRF FLANGE 6 INCH 300# CS A105,GAIL,Flanges,GAIL-LINE-115
IOCL-FLG-002,BLIND FLANGE 4 INCH 150# CS A105,IOCL,Flanges,SAP-PO-4515
NTPC-FLG-002,CARBON STEEL BLIND FLANGE 4 IN 150 LBS ASME B16.5,NTPC,Flanges,ERP-PR-8835
BHEL-FLG-002,BLIND FLANGE 100 MM 150# CS A105,BHEL,Flanges,MM-IND-3335
GAIL-FLG-002,BLIND FLANGE 4 INCH 300# CS A105,GAIL,Flanges,GAIL-LINE-116
IOCL-FLG-003,SORF FLANGE 8 INCH 150# SS304 ASTM A182,IOCL,Flanges,SAP-PO-4516
NTPC-FLG-003,SLIP ON RAISED FACE FLANGE 8 IN 150# SS304,NTPC,Flanges,ERP-PR-8836
BHEL-FLG-003,SS316 SORF FLANGE 8 INCH 150# A182,BHEL,Flanges,MM-IND-3336
GAIL-FLG-003,SS304 SORF FLANGE 200 MM 150# A182,GAIL,Flanges,GAIL-LINE-117
IOCL-FIT-001,CS ELBOW 90 DEG 4 INCH SCH 40 ASTM A234 WPB,IOCL,Fittings,SAP-PO-4517
NTPC-FIT-001,CARBON STEEL 90 DEGREE ELBOW 4 IN SCHEDULE 40 A234 WPB,NTPC,Fittings,ERP-PR-8837
BHEL-FIT-001,CS 90 DEG ELB 100 MM SCH 40 WPB,BHEL,Fittings,MM-IND-3337
GAIL-FIT-001,CS ELBOW 90 DEG 4 INCH SCH 80 A234 WPB,GAIL,Fittings,GAIL-LINE-118
IOCL-FIT-002,CS EQUAL TEE 6 INCH SCH 40 A234 WPB,IOCL,Fittings,SAP-PO-4518
NTPC-FIT-002,CARBON STEEL EQUAL TEE 6 IN SCHEDULE 40 A234 WPB,NTPC,Fittings,ERP-PR-8838
BHEL-FIT-002,CS TEE 150 MM SCH 40 A234 WPB,BHEL,Fittings,MM-IND-3338
GAIL-FIT-002,CS CONCENTRIC REDUCER 6 IN X 4 IN SCH 40,GAIL,Fittings,GAIL-LINE-119
IOCL-GSK-001,SPIRAL WOUND GASKET 4 INCH 150# SS316 WITH GRAPHITE FILLER,IOCL,Gaskets,SAP-PO-4519
NTPC-GSK-001,SWG 4 IN 150 LBS SS316 GRAPHITE INNER OUTER RING,NTPC,Gaskets,ERP-PR-8839
BHEL-GSK-001,SPIRAL WOUND GSKT 100 MM 150# SS316/GRAPHITE,BHEL,Gaskets,MM-IND-3339
GAIL-GSK-001,SPIRAL WOUND GASKET 4 INCH 300# SS316 GRAPHITE,GAIL,Gaskets,GAIL-LINE-120
IOCL-PLT-001,MS PLATE 10 MM THK IS 2062 E250,IOCL,Plates,SAP-PO-4520
NTPC-PLT-001,MILD STEEL PLATE 10MM THICKNESS IS 2062 GRADE E250,NTPC,Plates,ERP-PR-8840
BHEL-PLT-001,MS PLT 10 MM THK IS 2062 GR E250,BHEL,Plates,MM-IND-3340
GAIL-PLT-001,MS PLATE 12 MM THK IS 2062 E250,GAIL,Plates,GAIL-LINE-121
IOCL-PLT-002,SS304 SHEET 2 MM THK 2B FINISH,IOCL,Plates,SAP-PO-4521
NTPC-PLT-002,STAINLESS STEEL SHEET 2MM THICK SS304,NTPC,Plates,ERP-PR-8841
BHEL-PLT-002,SS316 SHEET 2 MM THK,BHEL,Plates,MM-IND-3341
GAIL-PLT-002,SS304 PLATE 5 MM THK,GAIL,Plates,GAIL-LINE-122
IOCL-CBL-001,XLPE ARMOURED CABLE 4C X 16 SQ MM 1.1KV COPPER,IOCL,Electrical,SAP-PO-4522
NTPC-CBL-001,1.1 KV 4 CORE 16 SQMM COPPER ARMORED XLPE CABLE,NTPC,Electrical,ERP-PR-8842
BHEL-CBL-001,COPPER CABLE XLPE 4C X 16 SQMM 1100V ARMOURED,BHEL,Electrical,MM-IND-3342
GAIL-CBL-001,XLPE ARMOURED CABLE 4C X 25 SQ MM 1.1KV COPPER,GAIL,Electrical,GAIL-LINE-123
IOCL-CBL-002,ALUMINUM ARMOURED CABLE 3.5C X 70 SQ MM 1.1KV,IOCL,Electrical,SAP-PO-4523
NTPC-CBL-002,1.1KV 3.5 CORE 70 SQMM AL ARMORED CABLE,NTPC,Electrical,ERP-PR-8843
BHEL-CBL-002,AL CABLE 3.5C X 70 SQMM 1.1KV XLPE ARMOURED,BHEL,Electrical,MM-IND-3343
GAIL-CBL-002,COPPER ARMOURED CABLE 3.5C X 70 SQ MM 1.1KV,GAIL,Electrical,GAIL-LINE-124
IOCL-MOT-001,INDUCTION MOTOR 15 KW 415V 3 PHASE 1440 RPM,IOCL,Machinery,SAP-PO-4524
NTPC-MOT-001,3 PHASE INDUCTION MOTOR 15KW 415 VOLT 1500 RPM 4 POLE,NTPC,Machinery,ERP-PR-8844
BHEL-MOT-001,15 KW 415V 3PH INDUCTION MOTOR 1440RPM BHEL MAKE,BHEL,Machinery,MM-IND-3344
GAIL-MOT-001,INDUCTION MOTOR 30 KW 415V 3 PHASE 1440 RPM,GAIL,Machinery,GAIL-LINE-125
IOCL-PMP-001,CENTRIFUGAL PUMP 50 M3/HR HEAD 40M WITH MOTOR,IOCL,Machinery,SAP-PO-4525
NTPC-PMP-001,CENTRIFUGAL WATER PUMP CAPACITY 50 CUM/HR HEAD 40 MTRS,NTPC,Machinery,ERP-PR-8845
BHEL-PMP-001,PUMP CENTRIFUGAL 50 M3/HR 40 M HEAD,BHEL,Machinery,MM-IND-3345
GAIL-PMP-001,CENTRIFUGAL PUMP 100 M3/HR HEAD 60M,GAIL,Machinery,GAIL-LINE-126
IOCL-BRG-001,DEEP GROOVE BALL BEARING 6208 2RS SKF,IOCL,Bearings,SAP-PO-4526
NTPC-BRG-001,BALL BEARING 6208-2RS SKF MAKE,NTPC,Bearings,ERP-PR-8846
BHEL-BRG-001,BEARING 6208 2RS,BHEL,Bearings,MM-IND-3346
GAIL-BRG-001,SPHERICAL ROLLER BEARING 22212,GAIL,Bearings,GAIL-LINE-127
IOCL-INS-001,PRESSURE GAUGE 0-10 BAR 100 MM DIAL 1/2 INCH NPT SS316,IOCL,Instrumentation,SAP-PO-4527
NTPC-INS-001,PRESSURE GAUGE RANGE 0 TO 10 BAR DIAL 100MM 1/2 IN NPT SS,NTPC,Instrumentation,ERP-PR-8847
BHEL-INS-001,PRESS GAUGE 0-10 BAR 100MM DIAL 1/2\" NPT,BHEL,Instrumentation,MM-IND-3347
GAIL-INS-001,PRESSURE GAUGE 0-25 BAR 100 MM DIAL 1/2 INCH NPT,GAIL,Instrumentation,GAIL-LINE-128
IOCL-PIP-005,GI PIPE 1 INCH CLASS B MEDIUM IS 1239,IOCL,Pipes & Tubes,SAP-PO-4528
NTPC-PIP-005,GALVANIZED IRON PIPE 1 IN CLASS B IS 1239,NTPC,Pipes & Tubes,ERP-PR-8848
BHEL-PIP-005,GI PIPE 25 MM MEDIUM IS 1239,BHEL,Pipes & Tubes,MM-IND-3348
GAIL-PIP-005,GI PIPE 1 INCH CLASS C HEAVY IS 1239,GAIL,Pipes & Tubes,GAIL-LINE-129
IOCL-AMB-001,VALVE 4 INCH,IOCL,Valves,SAP-PO-4529
NTPC-AMB-001,STEEL VALVE 100 MM,NTPC,Valves,ERP-PR-8849
BHEL-AMB-001,PIPE 10 INCH,BHEL,Pipes & Tubes,MM-IND-3349
GAIL-AMB-001,BOLT M16,GAIL,Fasteners,GAIL-LINE-130
IOCL-DIF-001,COPPER BUSBAR 50 X 6 MM,IOCL,Electrical,SAP-PO-4530
NTPC-DIF-001,PVC CONDUIT PIPE 25 MM,NTPC,Electrical,ERP-PR-8850
BHEL-DIF-001,SAFETY HELMET INDUSTRIAL YELLOW,BHEL,Safety,MM-IND-3350
GAIL-DIF-001,FIRE HOSE REEL 20 MTR WITH NOZZLE,GAIL,Safety,GAIL-LINE-131
IOCL-SYN-001,CS PIPE 12 INCH SCH 40 ASTM A106 GR B,IOCL,Pipes & Tubes,SAP-SYN-101
NTPC-SYN-001,CARBON STEEL PIPE 12 IN SCHEDULE 40 A106 GRADE B,NTPC,Pipes & Tubes,NTPC-SYN-101
BHEL-SYN-001,CS SMLS PIPE 300 MM SCH 40 A106-B,BHEL,Pipes & Tubes,BHEL-SYN-101
GAIL-SYN-001,CS PIPE 12 INCH SCH 80 ASTM A106 GR B,GAIL,Pipes & Tubes,GAIL-SYN-101
IOCL-SYN-002,SS316L GATE VALVE 2 INCH 150# FLANGED,IOCL,Valves,SAP-SYN-102
NTPC-SYN-002,STAINLESS STEEL GATE VALVE 2 IN 150# SS316L,NTPC,Valves,NTPC-SYN-102
BHEL-SYN-002,SS304L GATE VALVE 2 INCH 150# FLANGED,BHEL,Valves,BHEL-SYN-102
GAIL-SYN-002,SS316L GATE VALVE 2 INCH 300# FLANGED,GAIL,Valves,GAIL-SYN-102
IOCL-SYN-003,HEX HEAD BOLT M24 X 90 MM ASTM A193 B7,IOCL,Fasteners,SAP-SYN-103
NTPC-SYN-003,BOLT HEX M24X90 GR B7 ASTM A193,NTPC,Fasteners,NTPC-SYN-103
BHEL-SYN-003,M24 * 90 HEX BOLT A193 B7 ALLOY STEEL,BHEL,Fasteners,BHEL-SYN-103
GAIL-SYN-003,HEX HEAD BOLT M24 X 90 MM ASTM A193 B8,GAIL,Fasteners,GAIL-SYN-103
IOCL-SYN-004,WNRF FLANGE 10 INCH 300# CS ASTM A105,IOCL,Flanges,SAP-SYN-104
NTPC-SYN-004,WELD NECK FLANGE 10 IN CLASS 300 RF A105,NTPC,Flanges,NTPC-SYN-104
BHEL-SYN-004,CS WNRF FLANGE 250 MM 300 LBS A105,BHEL,Flanges,BHEL-SYN-104
GAIL-SYN-004,WNRF FLANGE 10 INCH 600# CS ASTM A105,GAIL,Flanges,GAIL-SYN-104
IOCL-SYN-005,CS EQUAL TEE 4 INCH SCH 80 A234 WPB,IOCL,Fittings,SAP-SYN-105
NTPC-SYN-005,CARBON STEEL EQUAL TEE 4 IN SCHEDULE 80 A234 WPB,NTPC,Fittings,NTPC-SYN-105
BHEL-SYN-005,CS EQUAL TEE 100 MM SCH 80 WPB,BHEL,Fittings,BHEL-SYN-105
GAIL-SYN-005,CS EQUAL TEE 4 INCH SCH 40 A234 WPB,GAIL,Fittings,GAIL-SYN-105
IOCL-SYN-006,SPIRAL WOUND GASKET 6 INCH 300# SS316 GRAPHITE,IOCL,Gaskets,SAP-SYN-106
NTPC-SYN-006,SWG 6 IN 300 LBS SS316 INNER/OUTER RING GRAPHITE,NTPC,Gaskets,NTPC-SYN-106
BHEL-SYN-006,SPIRAL WOUND GASKET 150 MM 300# SS316,BHEL,Gaskets,BHEL-SYN-106
GAIL-SYN-006,SPIRAL WOUND GASKET 6 INCH 150# SS316 GRAPHITE,GAIL,Gaskets,GAIL-SYN-106
IOCL-SYN-007,MS CHANNEL ISMC 150 X 75 MM IS 2062,IOCL,Plates,SAP-SYN-107
NTPC-SYN-007,MILD STEEL ISMC 150*75 MM CHANNEL IS 2062,NTPC,Plates,NTPC-SYN-107
BHEL-SYN-007,MS CHANNEL 150X75 IS 2062 E250,BHEL,Plates,BHEL-SYN-107
GAIL-SYN-007,MS BEAM ISMB 150 X 75 MM IS 2062,GAIL,Plates,GAIL-SYN-107
IOCL-SYN-008,ALUMINUM CONDUCTOR ACSR DOG 100 SQ MM,IOCL,Electrical,SAP-SYN-108
NTPC-SYN-008,ACSR CONDUCTOR SIZE DOG 100 SQMM,NTPC,Electrical,NTPC-SYN-108
BHEL-SYN-008,ACSR DOG CONDUCTOR 100 SQ MM IS 398,BHEL,Electrical,BHEL-SYN-108
GAIL-SYN-008,ACSR CONDUCTOR SIZE WOLF 150 SQ MM,GAIL,Electrical,GAIL-SYN-108
IOCL-SYN-009,DI PIPE 200 MM CLASS K9 IS 8329,IOCL,Pipes & Tubes,SAP-SYN-109
NTPC-SYN-009,DUCTILE IRON PIPE 200MM K9 IS 8329,NTPC,Pipes & Tubes,NTPC-SYN-109
BHEL-SYN-009,DI PIPE 8 INCH K9 IS 8329,BHEL,Pipes & Tubes,BHEL-SYN-109
GAIL-SYN-009,DI PIPE 200 MM CLASS K7 IS 8329,GAIL,Pipes & Tubes,GAIL-SYN-109
IOCL-SYN-010,BALL VALVE 1 INCH 800# FORGED CS A105 SW,IOCL,Valves,SAP-SYN-110
NTPC-SYN-010,FORGED STEEL BALL VALVE 1 IN 800 LBS A105 SOCKET WELD,NTPC,Valves,NTPC-SYN-110
BHEL-SYN-010,CS BALL VALVE 25 MM 800# A105 SW,BHEL,Valves,BHEL-SYN-110
GAIL-SYN-010,BALL VALVE 1 INCH 800# FORGED SS316 SW,GAIL,Valves,GAIL-SYN-110
